整租 | 《海伦春天》人人都喜欢风格 有家的感觉 干净整洁明亮,2200元/月,海伦春天,http://jxjump.58.com/service?target=FCADVFdVGJSbUnkeXUZDc90OcaCmJeAYtI2tE1k-wTzcBHIfX-rwhq7azCcgT9WSjAhmNCiqTFU8UTwcsvt1U-sqI4nhL2WHrTnZuKQqZu_fYqKLJd6HOrOZj32bQFBJxIZMOkUyGyD1TweOpeB-UK1L3QS9Rxa3utTEVFBMxon2YvDdyukPmMkDu62eFWvNPmTtZSggo8_utyfyOL46dYK_qEFT-1iM0Ga7-xWLwbW17c2BnSDbwK5_V16oj08mTC5as&local=3&pubid=28285198&apptype=0&psid=190413716199281110361427348&entinfo=33275061741233_0&cookie=|||c5/njVqfX VgGiYQA0rzAg==&fzbref=0&key=&params=busitime^desc
单间 | 昌岗中路149号大院 蛋壳公寓直租 家具齐全 随时看,2200元/月,昌岗中路149号大院,http://jxjump.58.com/service?target=FCADVFdVGJSbUnkf2ayqH_E_R9RLX94M3jVfo3lMQvFx_s7HJ6ygCrxVRQMf-5NvxKrSqhoxf-5-FgUnU4euQO08oaxlFAWS94umyqVfOEjN7kkKL5EgZP_B2z2bQFBJxIZMOkUyGyD1TweN3RaKjcjYRkArLm3uK5f2Ol2XwIndtRCGgKQ0eYVkaR_GGRNvaJU8EAay4HVAQQiUl5A6UFjXZ2KtzPhO3qjrinQ4q_ZPMmZAYNef2U7aPeA&local=3&pubid=28111087&apptype=0&psid=190413716199281110361427348&entinfo=33267546273733_0&cookie=|||c5/njVqfX VgGiYQA0rzAg==&fzbref=0&key=&params=busitime^desc
单间 | 华保花园 环境优美 押一付一 双周保洁 免费宽带,2200元/月,华保花园,http://jxjump.58.com/service?target=FCADVFdVGJSbUnkf2ayqH_E_R9RLX94M3jVfo-8s6trn-tKTz85TqvqXEpsf-5NvxKrSqhoxf-5-FgUmG6yfeQIt75u2z8ihUE6YheaxeIeD7J7DJd6HOrOZj32bQFBJxIZMOkUyGyD1TweN3RaKjcjYRkP3AJfj13M5trumnTkOZpmmgKQ0eYVkaR_GGRNvaJU8EJZ4Pal9Hd1Il5A6UFjXZ2KtzPhO3qjrinQ4q_ZPMmZAYNef2U7aPeA&local=3&pubid=28354361&apptype=0&psid=190413716199281110361427348&entinfo=33322504080429_0&cookie=|||c5/njVqfX VgGiYQA0rzAg==&fzbref=0&key=&params=busitime^desc
整租 | 电梯精装公寓 近地铁 天河上班优选 英伦工业风 即租,2200元/月,成龙花园,http://jxjump.58.com/service?target=FCADVFdVGJSbUnkeXUZDc90OcaCmJeAYtI2tEe6tkYpLz12urs-byIKkL1MgT9WSjAhmNyJvseErCvB3ZlF2AACQeOnhL2WHrTnZu06aLzSluhnKLpHwm0RlWlocAMCALJ1RVFsR2ZKVm1-WLIrtUgl9F47RL2AUSQ9uEzT47nN2kOZVIJ057leLrdqDMybbOabIFtVsJclUDY9aCCTzo_2_RRfj72RQY6T83Sb-Woj85FQvI3_fFKXSWLA&local=3&pubid=28162655&apptype=0&psid=190413716199281110361427348&entinfo=32401152083889_0&cookie=|||c5/njVqfX VgGiYQA0rzAg==&fzbref=0&key=&params=busitime^desc
整租 | 冠寓机场路店 2号线 交通发达 出现便利 全新装修新,2200元/月,环翠园小区,http://jxjump.58.com/service?target=FCADVFdVGJSbUnkeXUZDc90OcaCmJeAYtI2tE-ldI_vDAYxvk0CdYQa1ZAMgT9WSjAhmNb_kA3TFCj2---CEA2NTYCXhL2WHrTnZuZnJGpXTzepWLpHwm0RlWlocAMCALJ1RVFsR2ZKVm1-WLIrtUgl9F410KX_kwvhCM-QomxQsRifxIJ057leLrdqDMybbOabIFMze4CFzSEZGCCTzo_2_RRfj72RQY6T83Sb-Woj85FQvI3_fFKXSWLA&local=3&pubid=28373551&apptype=0&psid=190413716199281110361427348&entinfo=32679109773520_0&cookie=|||c5/njVqfX VgGiYQA0rzAg==&fzbref=0&key=&params=busitime^desc
整租 | 棠东东景尚寓 全新公寓 1房1厅 业主直租,2200元/月,毓南路12号小区,http://jxjump.58.com/service?target=FCADVFdVGJSbUnkeXUZDc90OcaCmJeAYtI2tEeeylRNGNFQsjr50GOGBGMMgT9WSjAhmNz9R9tEu4CJeoC71pbQXvzHhL2WHrTnZuRwkM7ZNMJTOLpHwm0RlWlocAMCALJ1RVFsR2ZKVm1-WLIrtUgl9F417pWj0YdlLHp2nO1oPRVw9IJ057leLrdqDMybbOabIFDPWp8BH6PaiCCTzo_2_RRfj72RQY6T83Sb-Woj85FQvI3_fFKXSWLA&local=3&pubid=28288726&apptype=0&psid=190413716199281110361427348&entinfo=33265849131341_0&cookie=|||c5/njVqfX VgGiYQA0rzAg==&fzbref=0&key=&params=busitime^desc
整租 | 新里程精装南向三房出租 近地铁 安静不吵望泳池 家私,2200元/月,万科新里程,http://jxjump.58.com/service?target=FCADVFdVGJSbUnkeXUZDc90OcaCmJeAYtI2tEpxPIWDh8yRSarZK7HIVMVcgT9WSjAhmNmo3LI9xC8qlGkwlEOI_5fHhL2WHrTnZuzQvzRPRLSDqLpHwm0RlWlocAMCALJ1RVFsR2ZKVm1-WLIrtUgl9F47MxZGmFONCX9LxgZiZbPx9IJ057leLrdqDMybbOabIFxDwAMxVlVliCCTzo_2_RRfj72RQY6T83Sb-Woj85FQvI3_fFKXSWLA&local=3&pubid=28332723&apptype=0&psid=190413716199281110361427348&entinfo=33312515636297_0&cookie=|||c5/njVqfX VgGiYQA0rzAg==&fzbref=0&key=&params=busitime^desc
整租 | 白云山脚下 云山居中层两房全新装修 可随时入住 门口,2200元/月,云山居,http://jxjump.58.com/service?target=FCADVFdVGJSbUnkeXUZDc90OcaCmJeAYtI2tE7Vw2vV3QAiMbjqi7bAo3P8gT9WSjAhmNSN-XLlZ92xIZ7F5W2sUyn3hL2WHrTnZuhO9jY2xYwSl2soj8ifH95mbQFBJxIZMOkUyGyD1TweOpeB-UK1L3QVZbHHv_bheSHq6kfE6LcYByukPmMkDu62eFWvNPmTtZAHKr8igqkUaOL46dYK_qEFT-1iM0Ga7-xWLwbW17c2BnSDbwK5_V16oj08mTC5as&local=3&pubid=28333850&apptype=0&psid=190413716199281110361427348&entinfo=33319550160437_0&cookie=|||c5/njVqfX VgGiYQA0rzAg==&fzbref=0&key=&params=busitime^desc
整租 | 奥园养生广场 2房1厅 精装修 出门方便 近地铁 拎,2200元/月,奥园养生广场,http://jxjump.58.com/service?target=FCADVFdVGJSbUnkeXUZDc90OcaCmJeAYtI2tE8KQpLN6LUQV39bHlvkws6sgT9WSjAhmNCKvNreTmGDnJFEZ7rqIMo3hL2WHrTnZu881ThfFqptuLpHwm0RlWlocAMCALJ1RVFsR2ZKVm1-WLIrtUgl9F45RxlRSi1t09Jht4WW0Icv9IJ057leLrdqDMybbOabIFbpo2MXyAtPWCCTzo_2_RRfj72RQY6T83Sb-Woj85FQvI3_fFKXSWLA&local=3&pubid=28383310&apptype=0&psid=190413716199281110361427348&entinfo=33330046031924_0&cookie=|||c5/njVqfX VgGiYQA0rzAg==&fzbref=0&key=&params=busitime^desc
整租 | 魔方公寓 临近机场路 三元里大道 远景路 万达广场,2200元/月,岗贝路32-1号商住楼,http://jxjump.58.com/service?target=FCADVFdVGJSbUnkeXUZDc90OcaCmJeAYtI2tE9-wPnxt-i652xcnT5xncjMgT9WSjAhmN53lwMK-XCN22gKiIYqOBInhL2WHrTnZuCJYCv8DOlWCLpHwm0RlWlocAMCALJ1RVFsR2ZKVm1-WLIrtUgl9F4-n094rc3iaJMilk4pEWaDxIJ057leLrdqDMybbOabIFvxzfkfsGvLmCCTzo_2_RRfj72RQY6T83Sb-Woj85FQvI3_fFKXSWLA&local=3&pubid=27906070&apptype=0&psid=190413716199281110361427348&entinfo=33229826436142_0&cookie=|||c5/njVqfX VgGiYQA0rzAg==&fzbref=0&key=&params=busitime^desc
整租 | 龙光峰景华庭 二室二厅一卫 精装修 南向,2200元/月,龙光峰景华庭,http://jxjump.58.com/service?target=FCADVFdVGJSbUnkeXUZDc90OcaCmJeAYtI2tEZF60AKzDkpKHFTB_L3s2mcgT9WSjAhmN48749xPYWgFOdxNVDOxxonhL2WHrTnZuzQvzRPRLSDqLpHwm0RlWlocAMCALJ1RVFsR2ZKVm1-WLIrtUgl9F451Jd0MnW7JMx9AjfKc7znxIJ057leLrdqDMybbOabIFxDwAMxVlVliCCTzo_2_RRfj72RQY6T83Sb-Woj85FQvI3_fFKXSWLA&local=3&pubid=28169204&apptype=0&psid=190413716199281110361427348&entinfo=33256072959952_0&cookie=|||c5/njVqfX VgGiYQA0rzAg==&fzbref=0&key=&params=busitime^desc
整租 | 万科四季花城 两房电梯 保养好 这个价格经此一套,2200元/月,万科四季花城,http://jxjump.58.com/service?target=FCADVFdVGJSbUnkeXUZDc90OcaCmJeAYtI2tE-Bg8pkyLKUo_DkjMek5yocgT9WSjAhmNZeTuyxuRjNHUbNU9ci3YIXhL2WHrTnZuH-8tUpflp0iLpHwm0RlWlocAMCALJ1RVFsR2ZKVm1-WLIrtUgl9F47k1KXKw4wm-WwZdyEtEnetIJ057leLrdqDMybbOabIFlS4LmSvWR2SCCTzo_2_RRfj72RQY6T83Sb-Woj85FQvI3_fFKXSWLA&local=3&pubid=28138617&apptype=0&psid=190413716199281110361427348&entinfo=33277550696747_0&cookie=|||c5/njVqfX VgGiYQA0rzAg==&fzbref=0&key=&params=busitime^desc
整租 | 楼下地铁口 对面大润发 交通生活配套齐全 大型小区,2200元/月,群星新邨,http://jxjump.58.com/service?target=FCADVFdVGJSbUnkeXUZDc90OcaCmJeAYtI2tEokT2pv8525_gN0YsjIYqNcgT9WSjAhmNoXmm4N-lMdtfzY6khzL-AnhL2WHrTnZuljsQBRTbCxKLpHwm0RlWlocAMCALJ1RVFsR2ZKVm1-WLIrtUgl9F4-CLMLPaSnaaAj6lP2RrlhFIJ057leLrdqDMybbOabIF_e5mFO8BjTyCCTzo_2_RRfj72RQY6T83Sb-Woj85FQvI3_fFKXSWLA&local=3&pubid=28240397&apptype=0&psid=190413716199281110361427348&entinfo=33296521952044_0&cookie=|||c5/njVqfX VgGiYQA0rzAg==&fzbref=0&key=&params=busitime^desc
单间 | 品质租房选自如 仅2290 全新家具家电 优质室友合,2200元/月,珠光新城御景二期,http://jxjump.58.com/service?target=FCADVFdVGJSbUnkf2ayqH_E_R9RLX94M3jVfoa3z6OFZ1E0fX3X--lYISbcf-5NvxKrSqQx9Gm_-h616ShhMVyBWShfcGebxS_RY4C3NskCzYdbW6_Ka-kRM3l2bQFBJxIZMOkUyGyD1TweN3RaKjcjYRkOLH_ONrZJyq_TIqXFiI7yGgKQ0eYVkaR_GGRNvaJU8E7agNiTZOkKgl5A6UFjXZ2KtzPhO3qjrinQ4q_ZPMmZAYNef2U7aPeA&local=3&pubid=28353906&apptype=0&psid=190413716199281110361427348&entinfo=33311606910013_0&cookie=|||c5/njVqfX VgGiYQA0rzAg==&fzbref=0&key=&params=busitime^desc
单间 | 凤安花园 招合租室友 小区物业环境好 房租月付,2200元/月,凤安花园,http://jxjump.58.com/service?target=FCADVFdVGJSbUnkf2ayqH_E_R9RLX94M3jVfojv8bqP13ZU8WOh9JCzPVQsf-5NvxKrSqhoxf-5-FgUka0nm20WBxFvcGebxS_RY4EzVrWVGOfvyL5EgZP_B2z2bQFBJxIZMOkUyGyD1TweN3RaKjcjYRkBYlE_dQPYGb3FUV7FgV3LegKQ0eYVkaR_GGRNvaJU8EP6irI4HgcvMl5A6UFjXZ2KtzPhO3qjrinQ4q_ZPMmZAYNef2U7aPeA&local=3&pubid=28030251&apptype=0&psid=190413716199281110361427348&entinfo=33256110916809_0&cookie=|||c5/njVqfX VgGiYQA0rzAg==&fzbref=0&key=&params=busitime^desc
整租 | 芳信轩荔湾芳村电梯三房4200你值得拥有,2200元/月,芳信轩,http://jxjump.58.com/service?target=FCADVFdVGJSbUnkeXUZDc90OcaCmJeAYtI2tEie0DGhKg5C_ROWwy6AKuM8gT9WSjAhmNqjVfmWWNs15VR2koWvm8mHhL2WHrTnZuS_U5WghvJkKLpHwm0RlWlocAMCALJ1RVFsR2ZKVm1-WLIrtUgl9F489OEZ5UbpT9_HXkf4o2tzhIJ057leLrdqDMybbOabIF1fkDQ2HLIVSCCTzo_2_RRfj72RQY6T83Sb-Woj85FQvI3_fFKXSWLA&local=3&pubid=28109463&apptype=0&psid=190413716199281110361427348&entinfo=33263916418124_0&cookie=|||c5/njVqfX VgGiYQA0rzAg==&fzbref=0&key=&params=busitime^desc
整租 | 金碧新城 精装两房,2200元/月,金碧新城,http://jxjump.58.com/service?target=FCADVFdVGJSbUnkeXUZDc90OcaCmJeAYtI2tEqlDnwl-cVvBhnpl1F5yGqMgT9WSjAhmNWyZwqnMYHhBedD4jZP1XY3hL2WHrTnZuR0JmR7IRHSyLpHwm0RlWlocAMCALJ1RVFsR2ZKVm1-WLIrtUgl9F4zlkzu_MYS-R1s7k_l83QCBIJ057leLrdqDMybbOabIFENKdya9lBYKCCTzo_2_RRfj72RQY6T83Sb-Woj85FQvI3_fFKXSWLA&local=3&pubid=28270923&apptype=0&psid=190413716199281110361427348&entinfo=32061533433544_0&cookie=|||c5/njVqfX VgGiYQA0rzAg==&fzbref=0&key=&params=busitime^desc
整租 | 特惠WowWay公寓邻近潭村/员村地铁 精装公寓 专,2200元/月,岗顶,http://jxjump.58.com/service?target=FCADVFdVGJSbUnkeXUZDc90OcaCmJeAYtI2tExyj0VVx27g6lnfRUsFrAusgT9WSjAhmN-8tJHA8uOF7UpxvB78lyOXhL2WHrTnZuP64pSO-HTQOLpHwm0RlWlocAMCALJ1RVFsR2ZKVm1-WLIrtUgl9F4yr18ymNraiLGk8VwyWjntlIJ057leLrdqDMybbOabIFkEPZ6Fq5SrqCCTzo_2_RRfj72RQY6T83Sb-Woj85FQvI3_fFKXSWLA&local=3&pubid=27080165&apptype=0&psid=190413716199281110361427348&entinfo=32556564248500_0&cookie=|||c5/njVqfX VgGiYQA0rzAg==&fzbref=0&key=&params=busitime^desc
整租 | 地 铁 口 橡树园 便宜1室出租 时不待人,2200元/月,橡树园,http://jxjump.58.com/service?target=FCADVFdVGJSbUnkeXUZDc90OcaCmJeAYtI2tEFoyzntkDJ0WWVlMlRNuC6cgT9WSjAhmNtRAKTYtS0EtuQCH9vw3rp3hL2WHrTnZuhO9jY2xYwSkfbwbqPJ8OVmbQFBJxIZMOkUyGyD1TweOpeB-UK1L3QU4dqxymacYzPIMJF-6U8yJyukPmMkDu62eFWvNPmTtZqsYeanVBkpSOL46dYK_qEFT-1iM0Ga7-xWLwbW17c2BnSDbwK5_V16oj08mTC5as&local=3&pubid=28356018&apptype=0&psid=190413716199281110361427348&entinfo=33036272915787_0&cookie=|||c5/njVqfX VgGiYQA0rzAg==&fzbref=0&key=&params=busitime^desc
整租 | 地铁C2出口 免 采光好 方正温馨装修 好好好,2200元/月,穗和家园,http://jxjump.58.com/service?target=FCADVFdVGJSbUnkeXUZDc90OcaCmJeAYtI2tEfC65wu4RoH1pumjZUc6uU8gT9WSjAhmNs5OwnlLxxO8eArRGdEci3HhL2WHrTnZuomLlgeiDqBSLpHwm0RlWlocAMCALJ1RVFsR2ZKVm1-WLIrtUgl9F47Xt_j4lw-NqFWXXEdAup4VIJ057leLrdqDMybbOabIFjvhOSIsevv2CCTzo_2_RRfj72RQY6T83Sb-Woj85FQvI3_fFKXSWLA&local=3&pubid=28307493&apptype=0&psid=190413716199281110361427348&entinfo=33313441714611_0&cookie=|||c5/njVqfX VgGiYQA0rzAg==&fzbref=0&key=&params=busitime^desc
整租 | 地 铁 物 业 天河北苑 交通便捷 精装大2房 双阳,2200元/月,天河北苑,http://jxjump.58.com/service?target=FCADVFdVGJSbUnkeXUZDc90OcaCmJeAYtI2tEGMdetG_9HKQty5EzAC_Uh8gT9WSjAhmNfDu3SM8V9dEovr1GydwobHhL2WHrTnZuhO9jY2xYwSkfbwbqPJ8OVmbQFBJxIZMOkUyGyD1TweOpeB-UK1L3QetpuhGnvuEq0XcG1MpB379yukPmMkDu62eFWvNPmTtZqsYeanVBkpSOL46dYK_qEFT-1iM0Ga7-xWLwbW17c2BnSDbwK5_V16oj08mTC5as&local=3&pubid=28354369&apptype=0&psid=190413716199281110361427348&entinfo=33322469134026_0&cookie=|||c5/njVqfX VgGiYQA0rzAg==&fzbref=0&key=&params=busitime^desc
整租 | 户型简约实用，性价比高,2200元/月,都市品格,http://jxjump.58.com/service?target=FCADVFdVGJSbUnkeXUZDc90OcaCmJeAYtI2tEL1d84srhQeDAhFyibJ9iH8gT9WSjAhmNFiKgqhYeA97YsG0KwH3n6nhL2WHrTnZud5yGnc1bmSuLpHwm0RlWlocAMCALJ1RVFsR2ZKVm1-WLIrtUgl9F4_bb14kxUiYgni0LLMWqk9pIJ057leLrdqDMybbOabIFjWHJ2uZBsjKCCTzo_2_RRfj72RQY6T83Sb-Woj85FQvI3_fFKXSWLA&local=3&pubid=27901701&apptype=0&psid=190413716199281110361427348&entinfo=33221961440297_0&cookie=|||c5/njVqfX VgGiYQA0rzAg==&fzbref=0&key=&params=busitime^desc
整租 | 《万虹花园》量贩复式房 精装放租 租价2500可谈,2200元/月,万虹花园,http://jxjump.58.com/service?target=FCADVFdVGJSbUnkeXUZDc90OcaCmJeAYtI2tEI9oksNSRVlKIA7BlvrxKFMgT9WSjAhmN4-IjoL1pUhZUPQ0p_S5xvHhL2WHrTnZutXawz5yFKiGL5EgZP_B2z2bQFBJxIZMOkUyGyD1TweOpeB-UK1L3Qa10IqhUuYhwj8TnFBQhHY9yukPmMkDu62eFWvNPmTtZVoUR2FGiXHmOL46dYK_qEFT-1iM0Ga7-xWLwbW17c2BnSDbwK5_V16oj08mTC5as&local=3&pubid=28024135&apptype=0&psid=190413716199281110361427348&entinfo=33255236716331_0&cookie=|||c5/njVqfX VgGiYQA0rzAg==&fzbref=0&key=&params=busitime^desc
整租 | 金玫瑰园 实用一房一厅,2200元/月,金玫瑰苑,http://jxjump.58.com/service?target=FCADVFdVGJSbUnkeXUZDc90OcaCmJeAYtI2tE7xrujairVUQHYRsLgUmfCMgT9WSjAhmNo91RxTp2Y3tIU38OuV9-6XhL2WHrTnZu5WXQFc_APeAfbwbqPJ8OVmbQFBJxIZMOkUyGyD1TweOpeB-UK1L3QRts4bHXCp7G_Eyx2jzQVaJyukPmMkDu62eFWvNPmTtZWk1a8CRLe22OL46dYK_qEFT-1iM0Ga7-xWLwbW17c2BnSDbwK5_V16oj08mTC5as&local=3&pubid=28383934&apptype=0&psid=190413716199281110361427348&entinfo=32936091629363_0&cookie=|||c5/njVqfX VgGiYQA0rzAg==&fzbref=0&key=&params=busitime^desc
整租 | 山海名门一房 南向望花园靓1室1厅 主卧 朝南 精装,2200元/月,山海名门,http://jxjump.58.com/service?target=FCADVFdVGJSbUnkeXUZDc90OcaCmJeAYtI2tEvow3ZlqXUdbk9KQ15eFfQMgT9WSjAhmNbNAcPEHkIbcip8NiTKD3gnhL2WHrTnZuH-8tUpflp0iLpHwm0RlWlocAMCALJ1RVFsR2ZKVm1-WLIrtUgl9F44cTpQQYLnOG2PDV5JtQ7cNIJ057leLrdqDMybbOabIFlS4LmSvWR2SCCTzo_2_RRfj72RQY6T83Sb-Woj85FQvI3_fFKXSWLA&local=3&pubid=27997808&apptype=0&psid=190413716199281110361427348&entinfo=33252337997775_0&cookie=|||c5/njVqfX VgGiYQA0rzAg==&fzbref=0&key=&params=busitime^desc
整租 | 同和云涛花园 精装居家2房 近地铁口 生活便利 家私,2200元/月,云涛花园,http://gz.58.com/zufang/33312508053069x.shtml
整租 | 棠下 棠德花园 漂亮两房 初次放租 看见了就不要错过,2200元/月,棠德花苑,http://gz.58.com/zufang/33312503001782x.shtml
"整租 | 毗邻南站,地铁上线,中装西南向距地铁300米小区两房",2200元/月,东盛大厦,http://short.58.com/zd_p/1c65ac27-82e6-4300-a3e6-c47198891a7f/?target=bh-16-xgk_hvimob_83244072819075q-feykn&end=end
整租 | 东山·铭泰公馆 1室0厅1卫,2200元/月,东山·铭泰公馆,http://short.58.com/zd_p/38ab4eb3-d2e9-46ff-8ae6-a0b703bf59eb/?target=bh-16-xgk_hvimob_32088422023889q-feykn&end=end
整租 | 天河北蝌蚪公寓 LOFT大空间公寓 近地铁 全新即住,2200元/月,林和西小区,http://short.58.com/zd_p/d52de06d-739c-4c49-bd4a-a7f57c412e64/?target=bh-16-xgk_hvimob_83547713995982q-feykn&end=end
单间 | 品质租房选自如 仅2490 潭村地铁站100米 南国,2200元/月,南国花园,http://short.58.com/zd_p/b77cb6fa-158b-490f-9ec2-2e5b4cc79d5f/?target=bh-16-xgk_ephv_88877907776754q-feykn&end=end
整租 | 全新WowWay公寓北京路社区，300米到公园前地铁,2200元/月,公园前,http://short.58.com/zd_p/0b8156d1-ca3b-44d8-a822-613971323233/?target=bh-16-xgk_hvimob_83831692777370q-feykn&end=end
整租 | 地铁站上盖旁3号线人和大两房电梯洋房红璞公寓穗和家园,2200元/月,穗和家园,http://short.58.com/zd_p/bfdd0528-3ebb-4c41-9f7e-811a176dba4d/?target=bh-16-xgk_hvimob_88419960906313q-feykn&end=end
整租 | 番禺南村 南兴花园 一楼带小花园 80平方3室2卫,2200元/月,南村南兴花园,http://short.58.com/zd_p/5b4fa34c-7c80-4cd6-bd8e-8f64c1c15279/?target=bh-16-xgk_hvimob_88877456826175q-feykn&end=end
单间 | 【急转租！】林和村次卧 限女生单人 精装修 可靠房源,2200元/月,广州,http://short.58.com/zd_p/98f8a19e-4fda-4725-8afa-eb0776f5bf7e/?target=bh-16-xgk_ephv_83094517600217q-feykn&end=end
整租 | 岗顶金地旗下青年公寓 近BRT棠下站 全新家电特色装,2200元/月,东园小区,http://short.58.com/zd_p/040a1d8d-f96f-442f-90d8-500c10c854ca/?target=bh-16-xgk_hvimob_83658908669623q-feykn&end=end
整租 | 开业钜惠92折 泊寓滨江东/临珠江新城/近鹭江站/配,2200元/月,江景苑,http://short.58.com/zd_p/bbb67422-9c1c-4fb6-b574-8a7cdc88be7d/?target=bh-16-xgk_hvimob_88347349397634q-feykn&end=end
单间 | 地铁5号线五羊邨店 临近CBD 闹中取静 小区公寓,2200元/月,东山月府,http://short.58.com/zd_p/48c93e11-0422-49a4-92a6-bea0ce5fb89e/?target=bh-16-xgk_ephv_83080972469131q-feykn&end=end
单间 | 海港花园主卧（带独立卫生间）出租,2200元/月,海港花园,http://short.58.com/zd_p/1cfc5ebc-a75f-4a23-ad2c-981dcdddb935/?target=bh-16-xgk_ephv_88726773247551q-feykn&end=end
整租 | 有趣的灵魂和美丽的皮囊我们！都！要！！,2200元/月,晓港雅筑,http://short.58.com/zd_p/49f66c78-ae71-41bc-b9eb-f3083e3e5825/?target=bh-16-xgk_hvimob_88846470802808q-feykn&end=end
整租 | 六号线萝岗线坑花园小区一房一厅出租非中介,2200元/月,线坑花园,http://short.58.com/zd_p/00aedb99-8a22-4d8b-ab2b-1dfe8b9dd4f2/?target=bh-16-xgk_hvimob_88398592291351q-feykn&end=end
整租 | 元宵钜惠92折/泊寓滨江东/5种户型随心选/全新家具,2200元/月,猎德花园,http://short.58.com/zd_p/0c223135-cb48-4a29-8876-c60f8bd89811/?target=bh-16-xgk_hvimob_88360700704742q-feykn&end=end
整租 | 西门口地铁口 超大两房 光线很好 厅出阳台 随时约看,2200元/月,海珠北路大院,http://short.58.com/zd_p/6a3d40d7-2ad1-4a87-934a-67a92c146604/?target=bh-16-xgk_hvimob_88833318550501q-feykn&end=end
整租 | 开业钜惠92折/泊寓滨江东/近鹭江站/全新家具家私/,2200元/月,中信君庭,http://short.58.com/zd_p/ba24051c-3aa5-4fed-8149-0c1d8d04f511/?target=bh-16-xgk_hvimob_88346430297478q-feykn&end=end
整租 | 岭南新世界两房两厅一卫，南向通风好彩光足，地铁口附近,2200元/月,岭南新世界,http://short.58.com/zd_p/c16ad37f-30fa-456c-9b3a-e10c5c221170/?target=bh-16-xgk_hvimob_88832014554095q-feykn&end=end
整租 | 悠家公寓 全新 出租 家电全新齐全 一室一厅一卫 阳,2200元/月,珠影小区,http://short.58.com/zd_p/5fc7cf7a-30c4-414a-a0af-8b9a3afb8c76/?target=bh-16-xgk_hvimob_88357539378284q-feykn&end=end
整租 | 同和地铁口 君立国际公寓 精装一房 全新家电未入住,2200元/月,君立M+World,http://short.58.com/zd_p/b44c63a2-64ba-4d91-b263-2d499caa7936/?target=bh-16-xgk_hvimob_88838822052586q-feykn&end=end
整租 | 萝岗六号线线坑花园小区靓房招租两房一厅非中介,2200元/月,线坑花园,http://short.58.com/zd_p/e92eaf61-79cb-45eb-be2b-8f7fea7ab973/?target=bh-16-xgk_hvimob_88350073211347q-feykn&end=end
整租 | 萝岗 时代春树里 三房一厅 家私家电齐全 刚刚放租,2200元/月,时代春树里,http://short.58.com/zd_p/59c2a8ca-163a-4c48-bd93-17f4eca888c9/?target=bh-16-xgk_hvimob_88884741540194q-feykn&end=end
整租 | 全新WowWay公寓北京路社区，步行300米即到地铁,2200元/月,北京路,http://short.58.com/zd_p/053a95c1-ff26-457d-9115-a4329fdbbdcd/?target=bh-16-xgk_hvimob_83871580464986q-feykn&end=end
整租 | 朱村地铁口温馨三房业主 出租拎包入住,2200元/月,中铁建国际花园,http://short.58.com/zd_p/46cda9ac-a656-421f-8141-72d85691920e/?target=bh-16-xgk_hvimob_83283315766697q-feykn&end=end
整租 | 直租同和南湖新庄、3室2厅家私家电齐全、图片真实（业,2200元/月,同和,http://short.58.com/zd_p/7eb27a8d-703e-4214-99b9-f4de4389ff35/?target=bh-16-xgk_hvimob_84751567968247q-feykn&end=end
整租 | 开业钜惠92折/泊寓滨江东/公交直达琶洲/电梯房/带,2200元/月,磨碟沙小区,http://short.58.com/zd_p/097d821c-1eaa-460c-a4d4-94cfef86b8ab/?target=bh-16-xgk_hvimob_88369635491379q-feykn&end=end
整租 | 侨基花园 66方 2700元 精致的装修 真实图,2200元/月,侨基花园,http://short.58.com/zd_p/6491b981-95f6-4b3d-949c-208081462e90/?target=bh-16-xgk_hvimob_88847948629382q-feykn&end=end
整租 | 番禺桥南欧洲国际公寓 2室1厅2卫,2200元/月,广州,http://short.58.com/zd_p/edc6ae16-ec07-43e1-a6f6-476ceaa21e2c/?target=bh-16-xgk_hvimob_36685408060043q-feykn&end=end
整租 | 南国奥园北京区 少有放盘 业主诚意出租 家电齐全,2200元/月,华南,http://short.58.com/zd_p/ea4f1e28-5fd0-42ee-b3ab-fdc063f5bb93/?target=bh-16-xgk_hvimob_83856917331913q-feykn&end=end
整租 | 线坑花园 2室1厅1卫,2200元/月,线坑花园,http://short.58.com/zd_p/39411a3e-0c01-4a4b-87bb-9651b678fd33/?target=bh-16-xgk_hvimob_88382027829584q-feykn&end=end
整租 | 整租天河黄村一房一厅+2床+电梯+大阳台+家私齐全可,2200元/月,黄村围福里马路边7号小区,http://short.58.com/zd_p/b092d4a4-9edf-443c-9174-b52a3384cad8/?target=bh-16-xgk_hvimob_88832274396400q-feykn&end=end
整租 | 同和鼎盛居居家式网络电子商务办公写字楼送独享宽带,2200元/月,同和,http://short.58.com/zd_p/e8736f5c-114d-4d05-9d35-317d2d17c607/?target=bh-16-xgk_hvimob_84006459783254q-feykn&end=end
整租 | 黄村 豪华装修 温馨情侣房 可做饭 不要错过 值得拥,2200元/月,万科云城米酷,http://short.58.com/zd_p/a72e29a0-08d8-4994-87d6-206aef4696bc/?target=bh-16-xgk_hvimob_88884422826378q-feykn&end=end
"整租 | 科韵路寓见公寓 很好的住处环境,不二的选择",2200元/月,棠下,http://short.58.com/zd_p/770423e1-6113-43ec-9131-37a1113e8f09/?target=bh-16-xgk_hvimob_32318837419684q-feykn&end=end
整租 | 窝趣东晓南新都荟轻社区 让你租房不将就.,2200元/月,尚领雅筑,http://short.58.com/zd_p/c40fabc6-54db-4248-9b8d-2ed837f5ce8b/?target=bh-16-xgk_hvimob_88837230728159q-feykn&end=end
整租 | 祈福新村 翠怡居 实用三房 装修保养新净,2200元/月,祈福新邨翠湖居,http://short.58.com/zd_p/d2e11f7d-6fa4-484a-8d85-73fa0dbdf0f1/?target=bh-16-xgk_hvimob_88313165395891q-feykn&end=end
单间 | 共享公寓 单间 站前路流花路39号 1室带厨房 南北,2200元/月,流花路39号大院,http://short.58.com/zd_p/ed2af385-f857-40ed-9fac-b17df35fc3bf/?target=bh-16-xgk_ephv_83085536931033q-feykn&end=end
整租 | 全新WowWay公寓北京路社区，300米到公园前地铁,2200元/月,文明路,http://short.58.com/zd_p/f8ead20d-3b97-41ab-9e7d-a348f4f2ea46/?target=bh-16-xgk_hvimob_83831612125412q-feykn&end=end
整租 | 棠下金地旗下青年公寓BRT棠下站无全新家电特色装修,2200元/月,怡景花园,http://short.58.com/zd_p/b778785e-f0a0-4474-a538-6a996003bba9/?target=bh-16-xgk_hvimob_83985153773650q-feykn&end=end
整租 | 三元里大道 岗贝路低层两房出租 采光好 保养好 家电,2200元/月,棠岗楼,http://short.58.com/zd_p/ea4f7c55-cf43-4833-980e-9103a7846299/?target=bh-16-xgk_hvimob_88832921580987q-feykn&end=end
整租 | 魔方公寓宝岗店临近广百新一城，江南西.押一付一，灵活,2200元/月,润汇大厦,http://short.58.com/zd_p/ff494f7a-e21d-44c7-adb6-d7e41d2fa2fe/?target=bh-16-xgk_hvimob_88876057877476q-feykn&end=end
整租 | 柯木塱金铺北街 3室1厅1卫,2200元/月,柯木塱,http://short.58.com/zd_p/8b9e4f90-250f-4cb4-afc9-e77d298014b2/?target=bh-16-xgk_hvimob_88834668244261q-feykn&end=end
整租 | 洪德居后面的楼梯三房 特价房 有钥匙看房迅速 笋租盘,2200元/月,洪德居,http://short.58.com/zd_p/620e60ec-2916-4d7d-861a-67b662fd719e/?target=bh-16-xgk_hvimob_88833029201305q-feykn&end=end
整租 | 你的心有一道墙，可我有一把梯！！来比高哈哈哈哈,2200元/月,紫来大街小区,http://short.58.com/zd_p/4f0a3d33-7324-4ca7-8c4d-23edee1b3a7a/?target=bh-16-xgk_hvimob_88846738500453q-feykn&end=end
整租 | 祈福生活无限 精装复式 家私电齐全 钥匙在手 花都湖,2200元/月,祈福生活无限,http://short.58.com/zd_p/ae4a3bf8-f8c3-47fe-b3ac-0010333f885d/?target=bh-16-xgk_hvimob_88874257231639q-feykn&end=end
整租 | 棠德花苑 2室1厅1卫,2200元/月,棠德花苑,http://short.58.com/zd_p/c610ceb5-6594-43fe-8f9a-48b8970936f9/?target=bh-16-xgk_hvimob_88792535635953q-feykn&end=end
整租 | 番禺天安科技园内菁华白领公寓 76平方2室 家电齐,2200元/月,天安菁华公寓,http://short.58.com/zd_p/09ba1702-220b-4a71-889f-0f3ba19cafc7/?target=bh-16-xgk_hvimob_88361956810709q-feykn&end=end
整租 | 昌岗海冠服装市场旁 超大两房 少有放租,2200元/月,徳怡居,http://short.58.com/zd_p/02c1f549-c061-4a8c-bf9a-15a90b7eccdd/?target=bh-16-xgk_hvimob_88872110717534q-feykn&end=end
整租 | 5号线东圃地铁站，公寓精装修，家电齐全，舒适明亮，非,2200元/月,东圃怡景公寓,http://short.58.com/zd_p/a6aba893-c381-4489-b3a9-e587c822dabd/?target=bh-16-xgk_hvimob_88874121290543q-feykn&end=end
单间 | 品质租房选自如 非中介 仅2360元 全新家具家电,2200元/月,珠光新城御景二期,http://short.58.com/zd_p/8d9e8794-019f-4839-bfbf-d5dba7c5f715/?target=bh-16-xgk_ephv_88877591775194q-feykn&end=end
整租 | 华乐药厂大院 1室0厅1卫,2200元/月,华乐药厂大院,http://short.58.com/zd_p/8f77e85f-98b4-47af-9015-568b1f35a45d/?target=bh-16-xgk_hvimob_88305529647424q-feykn&end=end
整租 | 东川路中层一房 新房装修，全新高档家具家电，拎包入住,2200元/月,东华西路小区,http://short.58.com/zd_p/a66f08b6-9866-4553-9be6-c90b4ac29c31/?target=bh-16-xgk_hvimob_88315174486693q-feykn&end=end
整租 | 泊寓滨江东/新开业92折/近地铁鹭江站/配套完善/精,2200元/月,帝景华苑,http://short.58.com/zd_p/5de0ebc9-adfc-4ae4-892d-2d74394a3f53/?target=bh-16-xgk_hvimob_88346569255550q-feykn&end=end
整租 | 全新家私家电 祈福食街和地铁口在家楼下 急租 带豪华,2200元/月,祈福缤纷汇,http://short.58.com/zd_p/7a33217b-37b1-4ff2-93d3-7cb5fd181ba1/?target=bh-16-xgk_hvimob_83624801552952q-feykn&end=end
整租 | 免中介~热租中~天河中心地带全新电梯楼公寓,2200元/月,华海达公寓,http://short.58.com/zd_p/fc971b09-aadb-42b4-9e46-ca960aad5512/?target=bh-16-xgk_hvimob_6616400162173q-feykn&end=end
整租 | 梦马青年社区 地铁3号线 可出差短租 拎包入住 配套,2200元/月,富山路47号小区,http://short.58.com/zd_p/5acc29d9-753f-475f-8089-2364a15b236c/?target=bh-16-xgk_hvimob_88399521137420q-feykn&end=end
单间 | 品质租房选自如 非中介 全新家具 高素质舍友 仅23,2200元/月,珠光新城御景二期,http://short.58.com/zd_p/aaa4a13f-8bfe-4533-8a08-da183fa3ee0d/?target=bh-16-xgk_ephv_88877179409084q-feykn&end=end
整租 | 免市桥地铁口附近，新3房2房1房带厅大阳台高档配置齐,2200元/月,侨联社区新城区,http://short.58.com/zd_p/45baee8d-44f2-4ca1-9493-b123f6ec3a53/?target=bh-16-xgk_hvimob_88834194578143q-feykn&end=end
整租 | 祥景花园 精装2房 笋房出租两房2300 带天燃气,2200元/月,祥景花园,http://short.58.com/zd_p/aa20be07-d218-4a59-8248-6e452d881eda/?target=bh-16-xgk_hvimob_83048871855459q-feykn&end=end
整租 | 非中介购书中心旁 全新时尚精装白领公寓 实景拍摄 专,2200元/月,体育西路,http://short.58.com/zd_p/a714d5d1-5bdb-4185-bae7-4e20cdc4c350/?target=bh-16-xgk_hvimob_84764719101703q-feykn&end=end
整租 | 镜湖大道 豪利花园 大2房2厅 小区安静宜居 采光好,2200元/月,豪利花园,http://gz.58.com/zufang/33230178232639x.shtml
整租 | 锦绣国际二期 大三房带主套 整洁舒适 拎包就能入住,2200元/月,锦绣御景国际,http://gz.58.com/zufang/33199856278845x.shtml
整租 | 员村 天河公园旁 东成花园 两房家私家电齐全 仅租2,2200元/月,东成花苑,http://gz.58.com/zufang/32703870105153x.shtml
整租 | 绿茵庭园 近地铁口小区 业主初次出租  不造假,2200元/月,绿茵庭园,http://gz.58.com/zufang/32681028354502x.shtml
整租 | 凤妍苑(碧桂园凤凰城 3室1厅1卫,2200元/月,凤妍苑(碧桂园凤凰城),http://gz.58.com/zufang/33058556149433x.shtml
整租 | 东山口 精装两房 看房方便 近培正中学 培正小学 近,2200元/月,东华东路小区,http://gz.58.com/zufang/32986774698560x.shtml
整租 | 昊龙花园 靓装修 东南向 家什家电齐全 保养非常好,2200元/月,昊龙花园北区,http://gz.58.com/zufang/33311342529860x.shtml
整租 | 赤岗华怡花园 精装修 2房1厅 望花园 东南朝向 正,2200元/月,华怡花园,http://gz.58.com/zufang/31709279376968x.shtml
整租 | 保利大都汇单间家私电器齐全奥园城市天地旁万达商圈,2200元/月,保利大都汇,http://gz.58.com/zufang/33322629052097x.shtml
整租 | 广花路 自由人花园 唯一两房出租 高层南向望花园手快,2200元/月,自由人花园,http://gz.58.com/zufang/33323352148023x.shtml
整租 | 北京南路德佑坊 1室1厅1卫,2200元/月,北京路,http://gz.58.com/zufang/33320353097803x.shtml
整租 | 政通路区府大院 2室1厅0卫,2200元/月,景泰,http://gz.58.com/zufang/33330432886724x.shtml
整租 | 实价笋租 保利花城 雅居乐锦城旁路劲隽悦豪庭家私电齐,2200元/月,路劲隽悦豪庭,http://gz.58.com/zufang/33311926785451x.shtml
整租 | 西华路金花直街近广州市第四中学 陈家祠地铁交通便利,2200元/月,陈家祠,http://gz.58.com/zufang/32028299173327x.shtml
整租 | 凤凰三街 1室1厅1卫,2200元/月,宝业路,http://gz.58.com/zufang/33319242193100x.shtml
整租 | 急租星河盛世两房，带空中花园，家私家电的配置给你一个,2200元/月,广州星河盛世,http://gz.58.com/zufang/33310129621440x.shtml
整租 | 明珠东苑 便宜2室出租 干净整洁 拎包入住 看房方便,2200元/月,明珠东苑,http://gz.58.com/zufang/33322811128257x.shtml
整租 | 锦绣半岛温馨小家三房带家私电器 只需3000你即可入,2200元/月,锦绣半岛,http://gz.58.com/zufang/33298381529908x.shtml
整租 | 南洲花苑 方正大2房 干净舒适 东南向有阳光 拎包入,2200元/月,南洲花苑,http://gz.58.com/zufang/32955359812678x.shtml
整租 | 金泽惠百氏 2室2厅1卫,2200元/月,金泽惠百氏,http://gz.58.com/zufang/32645177889731x.shtml
整租 | 敏捷科创中心 2室1厅1卫,2200元/月,敏捷科创中心,http://gz.58.com/zufang/33330424277555x.shtml
整租 | 东山口公寓 一房一厅 家私齐全 安静 双地铁 七中旁,2200元/月,龟岗大马路小区,http://gz.58.com/zufang/32725246747186x.shtml
单间 | 育兰小区 2室1厅1卫 男女不限,2200元/月,体育西路,http://gz.58.com/hezu/33196935913672x.shtml
整租 | 时代春树里 2400元 3室2厅2卫 精装修 全套高,2200元/月,时代春树里,http://gz.58.com/zufang/33278457731382x.shtml
整租 | 四圣街小区 环境安静舒适 低层2房 只需2600,2200元/月,东华西路小区,http://gz.58.com/zufang/32703411720901x.shtml
整租 | 祈福新村天湖居精装三房 家私家电齐全 方便看房 随时,2200元/月,祈福新邨天湖居,http://gz.58.com/zufang/33321086815816x.shtml
整租 | 广园新村 2室1厅1卫,2200元/月,广园新村,http://gz.58.com/zufang/33311376973370x.shtml
单间 | 新港国际公寓出租 1室1厅1卫 男女不限,2200元/月,镜湖大道,http://gz.58.com/hezu/33287130774209x.shtml
整租 | 领汇国际公寓 1室0厅1卫,2200元/月,东圃,http://gz.58.com/zufang/29561855332789x.shtml
整租 | 银业国际豪华装修单间，临近客村地铁口，交通非常便利,2200元/月,银业国际,http://gz.58.com/zufang/33324457714734x.shtml
单间 | 珠江新城女神合租   楼下有超市 随时看房 交通便利,2200元/月,保林苑,http://gz.58.com/hezu/32657357855534x.shtml
整租 | 非常适合附近上班的居住 您的正确选择将为您带来温馨舒,2200元/月,怡安花园,http://gz.58.com/zufang/33223460560301x.shtml
整租 | 祈福新村缤纷汇 高层电梯房 视野开阔 家私家电全齐,2200元/月,祈福缤纷汇,http://gz.58.com/zufang/33020254205249x.shtml
整租 | 天玺湾 大四房 仅租2500 抢！抢！抢！,2200元/月,南沙碧桂园天玺湾,http://gz.58.com/zufang/32759714958916x.shtml
整租 | 三元里大道 晓翠苑 电梯两房 看房方便,2200元/月,晓翠苑,http://gz.58.com/zufang/33222252491060x.shtml
整租 | 望岗西岭 3室2厅2卫,2200元/月,嘉禾望岗,http://gz.58.com/zufang/33245192242225x.shtml
整租 | 白云山脚下 云山居中层两房全新装修 可随时入住 门口,3000元/月,云山居,http://jxjump.58.com/service?target=FCADVFdVGJSbUnkeXUZDc90OcaCmJeAYtI2tE7Vw2vV3QAiMbjqi7bAo3P8gT9WSjAhmNSN-XLlZ92xIZ7F5W2sUyn3hL2WHrTnZuhO9jY2xYwSl2soj8ifH95mbQFBJxIZMOkUyGyD1TweOpeB-UK1L3QVZbHHv_bheSHq6kfE6LcYByukPmMkDu62eFWvNPmTtZAHKr8igqkUaOL46dYK_qEFT-1iM0Ga7-xWLwbW17c2BYxjg0bkbOvKoj08mTC5as&local=3&pubid=28333850&apptype=0&psid=192716674199281110770876105&entinfo=33319550160437_0&cookie=|||c5/njVqfX hNB7xTA0ovAg==&fzbref=0&key=&params=busitime^desc
整租 | 奥园养生广场 2房1厅 精装修 出门方便 近地铁 拎,3000元/月,奥园养生广场,http://jxjump.58.com/service?target=FCADVFdVGJSbUnkeXUZDc90OcaCmJeAYtI2tE8KQpLN6LUQV39bHlvkws6sgT9WSjAhmNCKvNreTmGDnJFEZ7rqIMo3hL2WHrTnZu881ThfFqptuLpHwm0RlWlocAMCALJ1RVFsR2ZKVm1-WLIrtUgl9F45RxlRSi1t09Jht4WW0Icv9IJ057leLrdqDMybbOabIFbpo2MXyAtPWCCTzo_2_RRfj72RQY6T83Sb-Woj85FQsTF9_50SG2OA&local=3&pubid=28383310&apptype=0&psid=192716674199281110770876105&entinfo=33330046031924_0&cookie=|||c5/njVqfX hNB7xTA0ovAg==&fzbref=0&key=&params=busitime^desc
整租 | 魔方公寓 临近机场路 三元里大道 远景路 万达广场,3000元/月,岗贝路32-1号商住楼,http://jxjump.58.com/service?target=FCADVFdVGJSbUnkeXUZDc90OcaCmJeAYtI2tE9-wPnxt-i652xcnT5xncjMgT9WSjAhmN53lwMK-XCN22gKiIYqOBInhL2WHrTnZuCJYCv8DOlWCLpHwm0RlWlocAMCALJ1RVFsR2ZKVm1-WLIrtUgl9F4-n094rc3iaJMilk4pEWaDxIJ057leLrdqDMybbOabIFvxzfkfsGvLmCCTzo_2_RRfj72RQY6T83Sb-Woj85FQsTF9_50SG2OA&local=3&pubid=27906070&apptype=0&psid=192716674199281110770876105&entinfo=33229826436142_0&cookie=|||c5/njVqfX hNB7xTA0ovAg==&fzbref=0&key=&params=busitime^desc
单间 | 品质租房选自如 仅2290 全新家具家电 优质室友合,3000元/月,珠光新城御景二期,http://jxjump.58.com/service?target=FCADVFdVGJSbUnkf2ayqH_E_R9RLX94M3jVfoa3z6OFZ1E0fX3X--lYISbcf-5NvxKrSqQx9Gm_-h616ShhMVyBWShfcGebxS_RY4C3NskCzYdbW6_Ka-kRM3l2bQFBJxIZMOkUyGyD1TweN3RaKjcjYRkOLH_ONrZJyq_TIqXFiI7yGgKQ0eYVkaR_GGRNvaJU8E7agNiTZOkKgl5A6UFjXZ2KtzPhO3qjrinQ4q_ZPMmZDK9UDrJBUWCA&local=3&pubid=28353906&apptype=0&psid=192716674199281110770876105&entinfo=33311606910013_0&cookie=|||c5/njVqfX hNB7xTA0ovAg==&fzbref=0&key=&params=busitime^desc
单间 | 凤安花园 招合租室友 小区物业环境好 房租月付,3000元/月,凤安花园,http://jxjump.58.com/service?target=FCADVFdVGJSbUnkf2ayqH_E_R9RLX94M3jVfojv8bqP13ZU8WOh9JCzPVQsf-5NvxKrSqhoxf-5-FgUka0nm20WBxFvcGebxS_RY4EzVrWVGOfvyL5EgZP_B2z2bQFBJxIZMOkUyGyD1TweN3RaKjcjYRkBYlE_dQPYGb3FUV7FgV3LegKQ0eYVkaR_GGRNvaJU8EP6irI4HgcvMl5A6UFjXZ2KtzPhO3qjrinQ4q_ZPMmZDK9UDrJBUWCA&local=3&pubid=28030251&apptype=0&psid=192716674199281110770876105&entinfo=33256110916809_0&cookie=|||c5/njVqfX hNB7xTA0ovAg==&fzbref=0&key=&params=busitime^desc
整租 | 地铁五号线 品牌纳税公寓 管家直租两房 家电齐全 拎,3000元/月,福庆里六巷小区,http://gz.58.com/zufang/33258760817355x.shtml
整租 | 魔方公寓 环境舒适 临近地铁 可长短租 家电齐全 押,3000元/月,峻林,http://gz.58.com/zufang/33258229002298x.shtml
整租 | 魔方公寓 环境舒适 临近地铁 可长短租 家电齐全 押,3000元/月,峻林,http://gz.58.com/zufang/33258216710734x.shtml
整租 | 桂花岗三房一厅两卫 可当宿舍楼 业主降价仅租3000,3000元/月,桂花岗小区,http://gz.58.com/zufang/32251566653870x.shtml
整租 | 春暧花园 2室1厅1卫,3000元/月,春暧花园,http://gz.58.com/zufang/33168853992888x.shtml
整租 | 雅居乐君域公馆 1室0厅1卫,3000元/月,雅居乐君域公馆,http://gz.58.com/zufang/33330411468461x.shtml
整租 | 棠东丰华街与棠东丰乐路交叉口 3室1厅1卫,3000元/月,棠德南路,http://gz.58.com/zufang/32881052296651x.shtml
整租 | 永大新城 家私家电齐全 平价出租 拎包马上入住！,3000元/月,永大新城,http://gz.58.com/zufang/33263570264647x.shtml
整租 | 中海誉城南苑 1室1厅1卫,3000元/月,中海誉城南苑,http://gz.58.com/zufang/33211083353140x.shtml
整租 | 全新WowWay公寓北京路社区，步行300米即到地铁,3000元/月,北京路,http://gz.58.com/zufang/33329652384331x.shtml
整租 | 翠湖山庄 1室0厅1卫,3000元/月,翠湖山庄,http://gz.58.com/zufang/33290277773775x.shtml
整租 | 杨桃公园红璞公寓直租 5号线三溪站 精装家电家私 实,3000元/月,福庆里六巷小区,http://gz.58.com/zufang/33224828515886x.shtml
整租 | 大沙地西路273号大院 2室1厅1卫,3000元/月,大沙地西路273号大院,http://gz.58.com/zufang/33189901456463x.shtml
单间 | 潭村地铁站附近 2360 大飘窗主卧 无,3000元/月,珠光新城御景二期,http://gz.58.com/hezu/33269351618221x.shtml
整租 | 凤馨苑 南北对流 中高楼层 采光一级棒 家私新颖 拎,3000元/月,凤馨苑(碧桂园凤凰城),http://gz.58.com/zufang/31807243301324x.shtml
整租 | 海外花园 精装一房一厅 小区环境好 家私家电齐 近地,3000元/月,海外花园,http://gz.58.com/zufang/33236286080964x.shtml
单间 | 猎德美林湖畔花园北区 5室2厅3卫 业主直租 复式公,3000元/月,东圃,http://gz.58.com/hezu/32115812018603x.shtml
整租 | 东湖州花园 南向 大2房豪装 随时看房 环境优雅,3000元/月,东湖洲花园A区,http://gz.58.com/zufang/33263963434423x.shtml
单间 | 福苑小区 3室1厅1卫 男女不限,3000元/月,福苑小区,http://gz.58.com/hezu/33330420091447x.shtml
整租 | 广雅路 精装一房一厅 时尚生活  欢迎来电,3000元/月,广雅社区,http://gz.58.com/zufang/33053395180864x.shtml
整租 | 棠东 富力天朗明居 家私齐全带平台 光线好 随时看房,3000元/月,富力天朗明居,http://gz.58.com/zufang/32778222322115x.shtml
"整租 | 白云晓翠苑,房屋干净清爽,户型佳,为您呈现家的感觉",3000元/月,晓翠苑,http://gz.58.com/zufang/33298263330859x.shtml
整租 | 非常适合附近上班的居住 您的正确选择将为您带来温馨舒,3000元/月,怡安花园,http://gz.58.com/zufang/33223460560301x.shtml
整租 | 京溪云景花园 精装两房 电梯高层 拎包入住,3000元/月,云景花园云桦苑,http://gz.58.com/zufang/33219937676099x.shtml
整租 | 穗花新村 交通方便近地铁 环境好舒适楼层户型方正超靓,3000元/月,穗花新村,http://gz.58.com/zufang/33219818333239x.shtml
单间 | 天河北华润万家省委宿舍大院12平大卧室，拎包入住,3000元/月,天河区省政府大院,http://gz.58.com/hezu/33323633260091x.shtml
整租 | 天马河壹号 3室2厅2卫,3000元/月,天马河壹号,http://gz.58.com/zufang/33307619868214x.shtml
整租 | 洛溪新城 精装三房 配套齐全 近地铁 拎包入住,3000元/月,洛溪新城,http://gz.58.com/zufang/32832140761905x.shtml
整租 | 冠寓天河店 离CBD近 全新装修 家具家电齐全 可做,3000元/月,天河客运站,http://gz.58.com/zufang/32106365360317x.shtml
整租 | 萝岗万达广场 温馨时尚白领公寓 拎包即住 交通方便,3000元/月,萝岗万达广场SOHO公寓,http://gz.58.com/zufang/33296466430793x.shtml
整租 | 窖口五号线瑞安公寓 精装电梯一房采光好拎包入住,3000元/月,瑞安花园,http://gz.58.com/zufang/33279027522240x.shtml
整租 | 花都雅居乐锦城花漾集 精装2房2厅 雅宝新城 保利花,3000元/月,雅居乐锦城花漾集,http://gz.58.com/zufang/33230212388421x.shtml
整租 | 丽馨庭 一房一厅电梯 高层视野开阔 南向,3000元/月,丽馨庭,http://gz.58.com/zufang/32887962721982x.shtml
整租 | 锦绣生态园《配套齐全 欲租从速》,3000元/月,锦绣生态园,http://gz.58.com/zufang/31892302236973x.shtml
整租 | 洛溪 华荟明苑 精装修二房 家电齐全 电梯楼 采光环,3000元/月,华荟明苑,http://gz.58.com/zufang/32169082036152x.shtml
整租 | 锦绣国际二期 大三房带主套 整洁舒适 拎包就能入住,3000元/月,锦绣御景国际,http://gz.58.com/zufang/33199856278845x.shtml
整租 | 龙光峰景华庭 成熟小区 交通便利 配套齐全 安静舒适,3000元/月,龙光峰景华庭,http://gz.58.com/zufang/32324108966598x.shtml
整租 | 棠德花苑 2室1厅1卫,3000元/月,棠德花苑,http://gz.58.com/zufang/33233671420485x.shtml
整租 | 握山好运来 3室1厅1卫,3000元/月,同和,http://gz.58.com/zufang/33256535264444x.shtml
